what,kind,bundleId,bundleVersion,description,time
error,log,,,"Resource '/external/birt-runtime-osgi-3_7_2/birt-runtime-osgi-3_7_2/WebViewerExample/WEB-INF/platform/plugins/org.eclipse.core.runtime.compatibility.registry_3.5.0.v20110505' does not exist.",1383769217786
error,log,,,"Resource '/external/birt-runtime-osgi-3_7_2/birt-runtime-osgi-3_7_2/WebViewerExample/WEB-INF/platform/plugins' does not exist.",1383769217791
error,log,,,"Resource '/FmCal/www/com.folder.calendario.FmCal/js/ext/resources/images/default/grid' does not exist.",1383769217794
error,log,,,"Resource '/FmCal/bin/com/folder/calendario/public/themes/silverCherry/images/silverCherry' does not exist.",1383769217799
error,log,,,"Resource '/external/zk-theme/fm/web/fm/img/zul/popup' does not exist.",1383769217803
error,log,,,"Resource '/external/birt-runtime-osgi-3_7_2/birt-runtime-osgi-3_7_2/WebViewerExample/webcontent/birt/pages/dialog' does not exist.",1383769217810
error,log,,,"Resource '/FmCal/www/com.folder.calendario.FmCal/js/ext/resources/images/gray' does not exist.",1383769217813
error,log,,,"Resource '/FmCal/src/com/folder/calendario/public/js/ext/resources/images/default/tree' does not exist.",1383769217816
error,log,,,"Resource '/fm-obj/src/com/asofarma/fm/bb' does not exist.",1383769217818
error,log,,,"Resource '/external/birt-runtime-osgi-3_7_2/birt-runtime-osgi-3_7_2/WebViewerExample/webcontent/birt/images' does not exist.",1383769217821
error,log,,,"Resource '/external/birt-runtime-2_6_2/WebViewerExample/WEB-INF/platform/plugins/org.w3c.sac_1.3.0.v20100915/META-INF' does not exist.",1383769217825
error,log,,,"Resource '/FmCal/www/com.folder.calendario.FmCal/js/ext/resources/images/default/layout' does not exist.",1383769217828
error,log,,,"Resource '/external/birt-runtime-osgi-3_7_2/birt-runtime-osgi-3_7_2/WebViewerExample/WEB-INF/platform/plugins' does not exist.",1383769217833
error,log,,,"Resource '/fm-bz/ejbModule/com/asofarma/fm/wf/dao/spi' does not exist.",1383769217836
error,log,,,"Resource '/FmCal/src/com/folder/calendario/public/js/ext/resources/images/default/box' does not exist.",1383769217839
error,log,,,"Resource '/external/birt-runtime-osgi-3_7_2/birt-runtime-osgi-3_7_2/WebViewerExample/WEB-INF/platform/plugins/org.eclipse.birt.report.data.oda.jdbc_3.7.2.v20120213' does not exist.",1383769217844
error,log,,,"Resource '/fm-web/src/com/asofarma/fm/desktop/view/bb' does not exist.",1383769217849
error,log,,,"Resource '/fm-bz/ejbModule/com/asofarma/fm/imports' does not exist.",1383769217853
error,log,,,"Resource '/fm-bz/ejbModule/com/asofarma/fm/conf/cache/aspect' does not exist.",1383769217857
error,log,,,"Resource '/fm-obj/src/com/asofarma/fm/category/model' does not exist.",1383769217861
error,log,,,"Resource '/FmCal/www/com.folder.calendario.FmCal/js/ext/resources/images/default/toolbar' does not exist.",1383769217866
error,log,,,"Resource '/FmCal/www/com.folder.calendario.FmCal/js/ext/resources/images/default/layout' does not exist.",1383769217870
error,log,,,"Resource '/fm-bz/ejbModule/com/asofarma/fm/category/dao/spi' does not exist.",1383769217874
error,log,,,"Resource '/fm-bz/ejbModule/com/asofarma/fm/fe/bz/spi' does not exist.",1383769217878
error,log,,,"Resource '/fm-obj/src/com/asofarma/fm/fe/model' does not exist.",1383769217880
error,log,,,"Resource '/FmCal/bin/com/folder/calendario/public/themes/silverCherry/images/silverCherry' does not exist.",1383769217884
error,log,,,"Resource '/external/birt-runtime-2_6_2/WebViewerExample/webcontent/birt/images' does not exist.",1383769217887
error,log,,,"Resource '/FmCal/src/com/folder/calendario/public/js/ext/resources/images/default/grid' does not exist.",1383769217891
error,log,,,"Resource '/FmCal/bin/com/folder/calendario/public/js/ext/resources/images/default/grid' does not exist.",1383769217894
error,log,,,"Resource '/fm-bz/ejbModule/com/asofarma/fm/fe/validator/dao' does not exist.",1383769217898
error,log,,,"Resource '/FmCal/src/com/folder/calendario/public/js/ext/resources/images/default/tree' does not exist.",1383769217901
error,log,,,"Resource '/FmCal/www/com.folder.calendario.FmCal/js/ext/resources/images/default/menu' does not exist.",1383769217906
error,log,,,"Resource '/FmCal/bin/com/folder/calendario/public/themes/silverCherry/images/silverCherry/masters' does not exist.",1383769217909
error,log,,,"Resource '/fm-obj/src/com/asofarma/fm/category/model' does not exist.",1383769217913
error,log,,,"Resource '/FmCal/bin/com/folder/calendario/public/themes/silverCherry/images/silverCherry' does not exist.",1383769217917
error,log,,,"Resource '/external/birt-runtime-2_6_2/WebViewerExample/webcontent/birt/ajax/mh' does not exist.",1383769217921
error,log,,,"Resource '/fm-obj/src/com/asofarma/fm/action/model' does not exist.",1383769217925
error,log,,,"Resource '/external/birt-runtime-osgi-3_7_2/birt-runtime-osgi-3_7_2/WebViewerExample/webcontent/birt/images' does not exist.",1383769217932
error,log,,,"Resource '/fm-bz/ejbModule/com/asofarma/fm/contact/dao' does not exist.",1383769217936
error,log,,,"Resource '/fm-bz/ejbModule/com/asofarma/fm/contact/dao/spi' does not exist.",1383769217939
error,log,,,"Resource '/FmCal/src/com/folder/calendario/public/js/ext/resources/images/gray/toolbar' does not exist.",1383769217943
error,log,,,"Resource '/FmCal/src/com/folder/calendario/public/js/ext/resources/images/default/menu' does not exist.",1383769217947
error,log,,,"Resource '/fm-obj/src/com/asofarma/fm/fe/model' does not exist.",1383769217952
error,log,,,"Resource '/FmCal/src/com/folder/calendario/public/themes/silverCherry/images/silverCherry' does not exist.",1383769217956
error,log,,,"Resource '/FmCal/bin/com/folder/calendario/public/js/ext/resources/images/default/qtip' does not exist.",1383769217966
error,log,,,"Resource '/fm-bz/ejbModule/com/asofarma/fm/security/dao/spi' does not exist.",1383769217971
error,log,,,"Resource '/FmCal/src/com/folder/calendario/public/js/ext/resources/images/vista/qtip' does not exist.",1383769217974
error,log,,,"Resource '/fm-bz/ejbModule/com/asofarma/fm/category/dao/spi' does not exist.",1383769217978
error,log,,,"Resource '/FmCal/src/com/folder/calendario/public/js/ext/resources/images/default/grid' does not exist.",1383769217982
error,log,,,"Resource '/FmCal/src/com/folder/calendario/public/js/ext/resources/images/default/window' does not exist.",1383769217985
error,log,,,"Resource '/external/birt-runtime-2_6_2/WebViewerExample/WEB-INF/platform/plugins/org.apache.derby.core_10.5.1.1_v20100129/META-INF' does not exist.",1383769217989
error,log,,,"Resource '/FmCal/bin/com/folder/calendario/public/js/ext/resources/images/gray/tabs' does not exist.",1383769217994
error,log,,,"Resource '/external/birt-runtime-osgi-3_7_2/birt-runtime-osgi-3_7_2/WebViewerExample/webcontent/birt/pages/dialog' does not exist.",1383769217998
error,log,,,"Resource '/external/zk-theme/fm/web/fm/img/zul/tab2' does not exist.",1383769218003
error,log,,,"Resource '/external/birt-runtime-2_6_2/WebViewerExample/WEB-INF/platform/plugins/org.apache.derby.core_10.5.1.1_v20100129' does not exist.",1383769218007
error,log,,,"Resource '/external/zk-theme/fm/web/fm/img/zul/tab2' does not exist.",1383769218011
error,log,,,"Resource '/FmCal/bin/com/folder/calendario/public/js/ext/resources/images/default/tree' does not exist.",1383769218016
error,log,,,"Resource '/external/birt-runtime-osgi-3_7_2/birt-runtime-osgi-3_7_2/WebViewerExample/WEB-INF/platform/plugins' does not exist.",1383769218020
error,log,,,"Resource '/fm-obj/src/com/asofarma/fm/security/model' does not exist.",1383769218024
error,log,,,"Resource '/fm-bz/ejbModule/com/asofarma/fm/category/bz/spi' does not exist.",1383769218027
error,log,,,"Resource '/FmCal/bin/com/folder/calendario/public/js/ext/resources/images/default/panel' does not exist.",1383769218033
error,log,,,"Resource '/FmCal/bin/com/folder/calendario/public/js/ext/resources/css' does not exist.",1383769218037
error,log,,,"Resource '/FmCal/bin/com/folder/calendario/public/themes/silverCherry/images/silverCherry' does not exist.",1383769218044
error,log,,,"Resource '/external/birt-runtime-osgi-3_7_2/birt-runtime-osgi-3_7_2/WebViewerExample/webcontent/birt/ajax/utility' does not exist.",1383769218049
error,log,,,"Resource '/FmCal/bin/com/folder/calendario/public/js/ext/resources/images/gray' does not exist.",1383769218054
error,log,,,"Resource '/fm-obj/src/com/asofarma/fm/fe/model' does not exist.",1383769218058
error,log,,,"Resource '/external/birt-runtime-osgi-3_7_2/birt-runtime-osgi-3_7_2/WebViewerExample/WEB-INF/platform/plugins' does not exist.",1383769218062
error,log,,,"Resource '/FmCal/bin/com/folder/calendario/public/js/ext/resources/images/default/editor' does not exist.",1383769218067
error,log,,,"Resource '/external/zk-theme/fm/web/fm/img/zul/vd' does not exist.",1383769218071
error,log,,,"Resource '/external/birt-runtime-osgi-3_7_2/birt-runtime-osgi-3_7_2/WebViewerExample/webcontent/birt/pages/dialog' does not exist.",1383769218076
error,log,,,"Resource '/external/birt-runtime-osgi-3_7_2/birt-runtime-osgi-3_7_2/WebViewerExample/WEB-INF/platform/plugins' does not exist.",1383769218081
error,log,,,"Resource '/external/birt-runtime-osgi-3_7_2/birt-runtime-osgi-3_7_2/WebViewerExample/webcontent/birt/ajax/mh' does not exist.",1383769218085
error,log,,,"Resource '/fm-bz-test/appClientModule/com/asofarma/fm/action/bz' does not exist.",1383769218089
error,log,,,"Resource '/external/birt-runtime-2_6_2/WebViewerExample/webcontent/birt/images' does not exist.",1383769218093
error,log,,,"Resource '/FmCal/bin/com/folder/calendario/public/js/ext/resources/images/default/box' does not exist.",1383769218097
error,log,,,"Resource '/fm-bz/ejbModule/com/asofarma/fm/fe/dao/spi' does not exist.",1383769218101
error,log,,,"Resource '/fm-obj/src/com/asofarma/fm/fe/validator/dao' does not exist.",1383769218105
error,log,,,"Resource '/fm-bz/ejbModule/com/asofarma/fm/category/bz/spi' does not exist.",1383769218113
error,log,,,"Resource '/fm-bz/ejbModule/com/asofarma/fm/contact/dao/spi' does not exist.",1383769218117
error,log,,,"Resource '/external/zk-theme/fm/web/fm/img/zul/splt' does not exist.",1383769218121
error,log,,,"Resource '/external/birt-runtime-2_6_2/WebViewerExample/webcontent/birt/images/dialog/common' does not exist.",1383769218127
error,log,,,"Resource '/external/zk-theme/fm/web/fm/img/zul/vd' does not exist.",1383769218131
error,log,,,"Resource '/FmCal/src/com/folder/calendario/public/js/ext/resources/images/default/grid' does not exist.",1383769218135
error,log,,,"Resource '/FmCal/src/com/folder/calendario/public/themes/silverCherry/images/silverCherry' does not exist.",1383769218140
error,log,,,"Resource '/fm-bz/ejbModule/com/asofarma/fm/security/bz/spi' does not exist.",1383769218145
error,log,,,"Resource '/FmCal/bin/com/folder/calendario/public/themes/silverCherry/images/silverCherry/masters' does not exist.",1383769218148
error,log,,,"Resource '/FmCal/www/com.folder.calendario.FmCal/js/ext/resources/images/gray/panel' does not exist.",1383769218154
error,log,,,"Resource '/FmCal/bin/com/folder/calendario/public/themes/silverCherry/images/silverCherry/masters' does not exist.",1383769218158
error,log,,,"Resource '/FmCal/bin/com/folder/calendario/public/js/ext/resources/images/gray/toolbar' does not exist.",1383769218162
error,log,,,"Resource '/fm-bz/ejbModule/com/asofarma/fm/imports' does not exist.",1383769218167
error,log,,,"Resource '/external/zk-theme/fm/web/fm/img/zul' does not exist.",1383769218171
error,log,,,"Resource '/external/birt-runtime-2_6_2/ReportEngine/plugins/org.eclipse.birt.report.data.oda.sampledb_2.6.2.r262_v20110127/META-INF' does not exist.",1383769218177
error,log,,,"Resource '/external/birt-runtime-osgi-3_7_2/birt-runtime-osgi-3_7_2/WebViewerExample/WEB-INF/platform/plugins' does not exist.",1383769218181
error,log,,,"Resource '/external/zk-theme/fm/web/fm/img/zul/button' does not exist.",1383769218185
error,log,,,"Resource '/fm-obj/src/com/asofarma/fm/fe/model' does not exist.",1383769218190
error,log,,,"Resource '/external/birt-runtime-osgi-3_7_2/birt-runtime-osgi-3_7_2/WebViewerExample/WEB-INF/platform/plugins' does not exist.",1383769218193
error,log,,,"Resource '/fm-obj/src/com/asofarma/fm/wf/model' does not exist.",1383769218197
error,log,,,"Resource '/FmCal/src/com/folder/calendario/public/themes/silverCherry/images/silverCherry' does not exist.",1383769218202
error,log,,,"Resource '/fm-obj/src/com/asofarma/fm/fe/model' does not exist.",1383769218205
error,log,,,"Resource '/FmCal/bin/com/folder/calendario/public/js/ext/resources/images/default/grid' does not exist.",1383769218209
error,log,,,"Resource '/external/birt-runtime-osgi-3_7_2/birt-runtime-osgi-3_7_2/WebViewerExample/WEB-INF/platform/plugins/org.w3c.sac_1.3.0.v20120213' does not exist.",1383769218213
error,log,,,"Resource '/FmCal/bin/com/folder/calendario/public/js/ext/resources/legacy' does not exist.",1383769218217
error,log,,,"Resource '/fm-obj/src/com/asofarma/fm/fe/dictionary' does not exist.",1383769218221
error,log,,,"Resource '/external/birt-runtime-osgi-3_7_2/birt-runtime-osgi-3_7_2/WebViewerExample/webcontent/birt/images' does not exist.",1383769218225
error,log,,,"Resource '/fm-obj/src/com/asofarma/fm/filteradv/model' does not exist.",1383769218228
error,log,,,"Resource '/fm-obj/src/com/asofarma/fm/action/model' does not exist.",1383769218232
error,log,,,"Resource '/FmCal/src/com/folder/calendario/public/themes/silverCherry/images/silverCherry/shared' does not exist.",1383769218236
error,log,,,"Resource '/FmCal/src/com/folder/calendario/public/themes/silverCherry/images/silverCherry' does not exist.",1383769218239
error,log,,,"Resource '/fm-bz/ejbModule/com/asofarma/fm/wf/aspect' does not exist.",1383769218245
error,log,,,"Resource '/fm-obj/src/com/asofarma/fm/promotion/model' does not exist.",1383769218249
error,log,,,"Resource '/FmCal/www/com.folder.calendario.FmCal/js/ext/resources/images/default/window' does not exist.",1383769218254
error,log,,,"Resource '/fm-bz/ejbModule/com/asofarma/fm/action/bz/spi' does not exist.",1383769218257
error,log,,,"Resource '/external/zk-theme/fm/web/fm/img/zul/splt' does not exist.",1383769218261
error,log,,,"Resource '/FmCal/src/com/folder/calendario/public/themes/silverCherry/images/silverCherry' does not exist.",1383769218266
error,log,,,"Resource '/FmCal/www/com.folder.calendario.FmCal/js/ext/resources/images/default/sizer' does not exist.",1383769218270
error,log,,,"Resource '/FmCal/www/com.folder.calendario.FmCal/js/ext/resources/images/vista/sizer' does not exist.",1383769218273
error,log,,,"Resource '/FmCal/src/com/folder/calendario/public/themes/silverCherry/images/silverCherry' does not exist.",1383769218278
error,log,,,"Resource '/FmCal/bin/com/folder/calendario/public/js/ext/resources/css' does not exist.",1383769218282
error,log,,,"Resource '/fm-obj/src/com/asofarma/fm/action/model' does not exist.",1383769218285
error,log,,,"Resource '/FmCal/src/com/folder/calendario/public/js/ext/resources/images/default/grid' does not exist.",1383769218288
error,log,,,"Resource '/FmCal/www/com.folder.calendario.FmCal/js/ext/resources/images/default/tree' does not exist.",1383769218291
error,log,,,"Resource '/FmCal/bin/com/folder/calendario/public/js/ext/resources/images/default/grid' does not exist.",1383769218294
error,log,,,"Resource '/external/birt-runtime-osgi-3_7_2/birt-runtime-osgi-3_7_2/WebViewerExample/WEB-INF/platform/plugins/org.w3c.sac_1.3.0.v20120213' does not exist.",1383769218296
error,log,,,"Resource '/FmCal/src/com/folder/calendario/public/js/ext/resources/images/vista/grid' does not exist.",1383769218300
error,log,,,"Resource '/FmCal/src/com/folder/calendario/public/js/ext/resources/css' does not exist.",1383769218303
error,log,,,"Resource '/fm-bz/ejbModule/com/asofarma/fm/promotion/bz/spi' does not exist.",1383769218306
error,log,,,"Resource '/FmCal/src/com/folder/calendario/public/js/ext/resources/images/default/qtip' does not exist.",1383769218309
error,log,,,"Resource '/FmCal/bin/com/folder/calendario/public/themes/silverCherry/images/silverCherry' does not exist.",1383769218312
error,log,,,"Resource '/FmCal/src/com/folder/calendario/public/js/ext/resources/images/default' does not exist.",1383769218315
error,log,,,"Resource '/fm-obj/src/com/asofarma/fm/wf/model' does not exist.",1383769218318
error,log,,,"Resource '/fm-bz/ejbModule/com/asofarma/fm/confsys/dao/spi' does not exist.",1383769218321
error,log,,,"Resource '/fm-bz/ejbModule/com/asofarma/fm/wf/dao/spi' does not exist.",1383769218323
error,log,,,"Resource '/FmCal/src/com/folder/calendario/public/themes/silverCherry/images/silverCherry' does not exist.",1383769218327
error,log,,,"Resource '/FmCal/src/com/folder/calendario/public/js/ext/resources/css' does not exist.",1383769218330
error,log,,,"Resource '/FmCal/src/com/folder/calendario/public/js/ext/resources/images/default/window' does not exist.",1383769218335
error,log,,,"Resource '/fm-obj/src/com/asofarma/fm/promotion/model' does not exist.",1383769218338
error,log,,,"Resource '/fm-obj/src/com/asofarma/fm/fe/model' does not exist.",1383769218342
error,log,,,"Resource '/external/birt-runtime-2_6_2/WebViewerExample/webcontent/birt/pages/control' does not exist.",1383769218346
error,log,,,"Resource '/external/zk-theme/fm/web/fm/img/zul/menu2' does not exist.",1383769218348
error,log,,,"Resource '/FmCal/bin/com/folder/calendario/public/js/ext/resources/images/default/tree' does not exist.",1383769218351
error,log,,,"Resource '/FmCal/bin/com/folder/calendario/public/themes/silverCherry/images/silverCherry' does not exist.",1383769218355
error,log,,,"Resource '/external/zk-theme/fm/web/fm/img/zul/vd' does not exist.",1383769218357
error,log,,,"Resource '/fm-obj/src/com/asofarma/fm/promotion/model' does not exist.",1383769218360
error,log,,,"Resource '/FmCal/bin/com/folder/calendario/public/themes/silverCherry/images/silverCherry' does not exist.",1383769218362
error,log,,,"Resource '/external/birt-runtime-osgi-3_7_2/birt-runtime-osgi-3_7_2/WebViewerExample/WEB-INF/platform/plugins' does not exist.",1383769218365
error,log,,,"Resource '/FmCal/www/com.folder.calendario.FmCal/js/ext/resources/images/gray/window' does not exist.",1383769218367
error,log,,,"Resource '/external/birt-runtime-2_6_2/WebViewerExample/webcontent/birt/ajax/ui/dialog' does not exist.",1383769218370
error,log,,,"Resource '/fm-obj/src/com/asofarma/fm/action/model' does not exist.",1383769218372
error,log,,,"Resource '/external/zk-theme/fm/web/fm/img/zul/grid' does not exist.",1383769218375
error,log,,,"Resource '/external/zk-theme/fm/web/fm/img/zk' does not exist.",1383769218378
error,log,,,"Resource '/external/birt-runtime-osgi-3_7_2/birt-runtime-osgi-3_7_2/WebViewerExample/WEB-INF/platform/plugins/org.eclipse.birt.report.data.oda.jdbc_3.7.2.v20120213/META-INF' does not exist.",1383769218381
error,log,,,"Resource '/external/zk-theme/fm/web/fm/img/zul/wnd2' does not exist.",1383769218385
error,log,,,"Resource '/FmCal/src/com/folder/calendario/public/js/ext/resources/images/default/tree' does not exist.",1383769218389
error,log,,,"Resource '/FmCal/www/com.folder.calendario.FmCal/js/ext/resources/images/default/window' does not exist.",1383769218393
error,log,,,"Resource '/fm-obj/src/com/asofarma/fm/promotion/model' does not exist.",1383769218397
error,log,,,"Resource '/FmCal/www/com.folder.calendario.FmCal/js/ext/resources/images/gray/panel' does not exist.",1383769218401
error,log,,,"Resource '/fm-bz/ejbModule/com/asofarma/fm/category/dao/spi' does not exist.",1383769218403
error,log,,,"Resource '/fm-bz/ejbModule/com/asofarma/fm/contact/bz/spi' does not exist.",1383769218407
error,log,,,"Resource '/FmCal/www/com.folder.calendario.FmCal/js/ext/resources/images/default/qtip' does not exist.",1383769218409
error,log,,,"Resource '/FmCal/www/com.folder.calendario.FmCal/js/ext/resources/images/default/grid' does not exist.",1383769218412
error,log,,,"Resource '/external/birt-runtime-osgi-3_7_2/birt-runtime-osgi-3_7_2/WebViewerExample/WEB-INF/platform/plugins/org.eclipse.birt.report.data.oda.jdbc_3.7.2.v20120213/META-INF' does not exist.",1383769218415
error,log,,,"Resource '/FmCal/src/com/folder/calendario/public/themes/silverCherry/images/silverCherry/masters' does not exist.",1383769218421
error,log,,,"Resource '/FmCal/bin/com/folder/calendario/public/js/ext/resources/images/default/layout' does not exist.",1383769218425
error,log,,,"Resource '/FmCal/bin/com/folder/calendario/public/js/ext/resources/images/default/grid' does not exist.",1383769218429
error,log,,,"Resource '/FmCal/www/com.folder.calendario.FmCal/js/ext/resources/images/gray/qtip' does not exist.",1383769218433
error,log,,,"Resource '/fm-obj/src/com/asofarma/fm/action/model' does not exist.",1383769218437
error,log,,,"Resource '/FmCal/src/com/folder/calendario/public/themes/silverCherry/images/silverCherry' does not exist.",1383769218441
error,log,,,"Resource '/fm-bz/ejbModule/com/asofarma/fm/calendar/dao/spi' does not exist.",1383769218446
error,log,,,"Resource '/external/zk-theme/fm/web/fm/img/zul/splt' does not exist.",1383769218449
error,log,,,"Resource '/external/birt-runtime-osgi-3_7_2/birt-runtime-osgi-3_7_2/WebViewerExample/WEB-INF/platform/plugins' does not exist.",1383769218453
error,log,,,"Resource '/FmCal/www/com.folder.calendario.FmCal/js/ext/resources/images/gray/tabs' does not exist.",1383769218457
error,log,,,"Resource '/FmCal/src/com/folder/calendario/public/themes/silverCherry/images/silverCherry' does not exist.",1383769218461
error,log,,,"Resource '/FmCal/bin/com/folder/calendario/public/themes/silverCherry/images/silverCherry/masters' does not exist.",1383769218465
error,log,,,"Resource '/external/birt-runtime-osgi-3_7_2/birt-runtime-osgi-3_7_2/ReportEngine/plugins/org.eclipse.birt.report.data.oda.sampledb_3.7.2.v20120213' does not exist.",1383769218469
error,log,,,"Resource '/FmCal/src/com/folder/calendario/public/js/ext/resources/images/default/editor' does not exist.",1383769218473
error,log,,,"Resource '/FmCal/www/com.folder.calendario.FmCal/js/ext/resources/images/gray/tabs' does not exist.",1383769218477
error,log,,,"Resource '/FmCal/bin/com/folder/calendario/public/js/ext/resources/images/default' does not exist.",1383769218481
error,log,,,"Resource '/external/birt-runtime-2_6_2/WebViewerExample/WEB-INF/platform/plugins/org.apache.derby.core_10.5.1.1_v20100129/META-INF' does not exist.",1383769218486
error,log,,,"Resource '/FmCal/bin/com/folder/calendario/public/themes/silverCherry' does not exist.",1383769218489
error,log,,,"Resource '/fm-bz/ejbModule/com/asofarma/fm/io/bz/spi' does not exist.",1383769218494
error,log,,,"Resource '/FmCal/bin/com/folder/calendario/public/js/ext/resources/images/default/grid' does not exist.",1383769218498
error,log,,,"Resource '/external/birt-runtime-2_6_2/WebViewerExample/webcontent/birt/images' does not exist.",1383769218502
error,log,,,"Resource '/external/birt-runtime-2_6_2/WebViewerExample/webcontent/birt/ajax/ui/app' does not exist.",1383769218506
error,log,,,"Resource '/fm-obj/src/com/asofarma/fm/promotion/model' does not exist.",1383769218510
error,log,,,"Resource '/fm-bz/ejbModule/com/asofarma/fm/promotion' does not exist.",1383769218514
error,log,,,"Resource '/FmCal/src/com/folder/calendario/public/js/ext/resources/images/gray/qtip' does not exist.",1383769218521
error,log,,,"Resource '/fm-bz/ejbModule/com/asofarma/fm/action/dao' does not exist.",1383769218525
error,log,,,"Resource '/fm-bz/ejbModule/com/asofarma/fm/wf/aspect' does not exist.",1383769218529
error,log,,,"Resource '/external/zk-theme/fm/web/fm/img/zul/wnd2' does not exist.",1383769218534
error,log,,,"Resource '/fm-obj/src/com/asofarma/fm/fe/model' does not exist.",1383769218537
error,log,,,"Resource '/external/birt-runtime-osgi-3_7_2/birt-runtime-osgi-3_7_2/WebViewerExample/webcontent/birt/ajax/core' does not exist.",1383769218541
error,log,,,"Resource '/external/birt-runtime-osgi-3_7_2/birt-runtime-osgi-3_7_2/WebViewerExample/WEB-INF/platform/plugins/org.eclipse.birt.report.data.oda.sampledb_3.7.2.v20120213' does not exist.",1383769218544
error,log,,,"Resource '/fm-obj/src/com/asofarma/fm/promotion/model' does not exist.",1383769218547
error,log,,,"Resource '/external/zk-theme/fm/web/fm/img/zul/msgbox' does not exist.",1383769218552
error,log,,,"Resource '/FmCal/www/com.folder.calendario.FmCal/js/ext/resources/images/gray/tabs' does not exist.",1383769218556
error,log,,,"Resource '/FmCal/src/com/folder/calendario/public/js/ext/resources/images/default' does not exist.",1383769218560
error,log,,,"Resource '/fm-bz/ejbModule/com/asofarma/fm/report/bz' does not exist.",1383769218564
error,log,,,"Resource '/FmCal/bin/com/folder/calendario/public/themes/silverCherry/images/silverCherry' does not exist.",1383769218567
error,log,,,"Resource '/fm-bz/ejbModule/com/asofarma/fm/calendar/dao' does not exist.",1383769218571
error,log,,,"Resource '/fm-obj/src/com/asofarma/fm/action/model' does not exist.",1383769218575
error,log,,,"Resource '/FmCal/www/com.folder.calendario.FmCal/js/ext/resources/images/vista/basic-dialog' does not exist.",1383769218579
error,log,,,"Resource '/external/birt-runtime-2_6_2/WebViewerExample/webcontent/birt/ajax/utility' does not exist.",1383769218583
error,log,,,"Resource '/FmCal/bin/com/folder/calendario/public/js/ext/resources/images/default/sizer' does not exist.",1383769218587
error,log,,,"Resource '/FmCal/src/com/folder/calendario/public/js/ext/resources/images/gray/toolbar' does not exist.",1383769218591
error,log,,,"Resource '/external/birt-runtime-osgi-3_7_2/birt-runtime-osgi-3_7_2/WebViewerExample/WEB-INF/platform/plugins' does not exist.",1383769218597
error,log,,,"Resource '/fm-obj/src/com/asofarma/fm/calendar/model' does not exist.",1383769218601
error,log,,,"Resource '/fm-obj/src/com/asofarma/fm/promotion/model' does not exist.",1383769218606
error,log,,,"Resource '/FmCal/src/com/folder/calendario/public/js/ext/resources/images/default/grid' does not exist.",1383769218611
error,log,,,"Resource '/fm-bz/ejbModule/com/asofarma/fm/conf/dao' does not exist.",1383769218614
error,log,,,"Resource '/external/birt-runtime-osgi-3_7_2/birt-runtime-osgi-3_7_2/WebViewerExample/webcontent/birt/images' does not exist.",1383769218616
error,log,,,"Resource '/FmCal/bin/com/folder/calendario/public/js/ext/resources/images/default/layout' does not exist.",1383769218619
error,log,,,"Resource '/FmCal/src/com/folder/calendario/public/themes/silverCherry/images/silverCherry/qtip' does not exist.",1383769218622
error,log,,,"Resource '/external/birt-runtime-osgi-3_7_2/birt-runtime-osgi-3_7_2/WebViewerExample/WEB-INF/platform/plugins' does not exist.",1383769218624
error,log,,,"Resource '/external/birt-runtime-osgi-3_7_2/birt-runtime-osgi-3_7_2/WebViewerExample/WEB-INF/platform/plugins' does not exist.",1383769218627
error,log,,,"Resource '/FmCal/bin/com/folder/calendario/public/js/ext/resources/images/default/sizer' does not exist.",1383769218630
error,log,,,"Resource '/fm-bz/ejbModule/com/asofarma/fm/promotion/bz/spi' does not exist.",1383769218634
error,log,,,"Resource '/FmCal/src/com/folder/calendario/public/themes/silverCherry/images/silverCherry/masters' does not exist.",1383769218637
error,log,,,"Resource '/fm-bz/ejbModule/com/asofarma/fm/imports' does not exist.",1383769218641
error,log,,,"Resource '/external/zk-theme/fm/web/fm/img/zul/fileupload' does not exist.",1383769218646
error,log,,,"Resource '/FmCal/bin/com/folder/calendario/public/js/ext/resources/images/gray' does not exist.",1383769218650
error,log,,,"Resource '/FmCal/src/com/folder/calendario/public/js/ext/resources/images/default' does not exist.",1383769218654
error,log,,,"Resource '/FmCal/src/com/folder/calendario/public/themes/silverCherry/images/silverCherry/form' does not exist.",1383769218659
error,log,,,"Resource '/FmCal/src/com/folder/calendario/public/js/ext/resources/images/gray/qtip' does not exist.",1383769218663
error,log,,,"Resource '/FmCal/bin/com/folder/calendario/public/js/ext/resources/images/default/toolbar' does not exist.",1383769218667
error,log,,,"Resource '/fm-bz/ejbModule/com/asofarma/fm/wf/aspect' does not exist.",1383769218672
